Patient,Tumor_Volume_voxels,Max_Intensity,Mean_Intensity
R01-001,1363730,0.9999999999996948,0.14299248514084292
